{
  "loss": [
    1.1990944147109985,
    0.5500073432922363,
    0.39131537079811096,
    0.3525719940662384,
    0.31596195697784424,
    0.3098784387111664,
    0.2916158139705658,
    0.2819393277168274,
    0.3888508081436157,
    0.1869032233953476,
    0.15209917724132538,
    0.13061848282814026,
    0.12225662916898727,
    0.10808096826076508,
    0.10518848150968552,
    0.09538343548774719,
    0.09044083207845688,
    0.09325049072504044,
    0.08307728171348572,
    0.08327148854732513
  ],
  "accuracy": [
    0.7392302751541138,
    0.8417892456054688,
    0.8798307180404663,
    0.8938948512077332,
    0.9042917490005493,
    0.9071932435035706,
    0.9152528643608093,
    0.9177513718605042,
    0.8935724496841431,
    0.9441869854927063,
    0.9569212198257446,
    0.9605480432510376,
    0.9631674289703369,
    0.9672375321388245,
    0.9700181484222412,
    0.9727987051010132,
    0.9750151038169861,
    0.9734435081481934,
    0.9773523807525635,
    0.9770300388336182
  ],
  "val_loss": [
    2.1961283683776855,
    1.5880672931671143,
    1.5917291641235352,
    1.5191599130630493,
    1.6325606107711792,
    1.4315913915634155,
    1.6955676078796387,
    1.6469511985778809,
    0.8457589745521545,
    0.7970330119132996,
    0.7694786190986633,
    0.7566267848014832,
    0.715684175491333,
    0.7271896600723267,
    0.703532874584198,
    0.709396481513977,
    0.7086845636367798,
    0.661164402961731,
    0.6476998329162598,
    0.6473343372344971
  ],
  "val_accuracy": [
    0.5114618539810181,
    0.6183765530586243,
    0.6369785666465759,
    0.6674182415008545,
    0.6662908792495728,
    0.6957910656929016,
    0.6754979491233826,
    0.6878992915153503,
    0.8147312998771667,
    0.8173618912696838,
    0.8248778581619263,
    0.8284479379653931,
    0.8354002237319946,
    0.8352123498916626,
    0.8434798717498779,
    0.8400977253913879,
    0.84028559923172,
    0.8575723171234131,
    0.8596392273902893,
    0.8592634201049805
  ],
  "lr": [
    0.0010000000474974513,
    0.0010000000474974513,
    0.0010000000474974513,
    0.0010000000474974513,
    0.0010000000474974513,
    0.0010000000474974513,
    0.0010000000474974513,
    0.0010000000474974513,
    9.999999747378752e-06,
    9.999999747378752e-06,
    9.999999747378752e-06,
    9.999999747378752e-06,
    9.999999747378752e-06,
    9.999999747378752e-06,
    9.999999747378752e-06,
    9.999999747378752e-06,
    9.999999747378752e-06,
    2.9999998787388904e-06,
    2.9999998787388904e-06,
    2.9999998787388904e-06
  ]
}